INSERT INTO `profession_model` (`pk`, `title`, `rank`) VALUES
('11348e24-606b-4542-aeb0-92c6ac3fd41a', 'Audicien', 7),
('165dde78-cb8d-473f-b872-f8433d0ec67b', 'Infirmier(e)', 6),
('29afb476-0ed3-4730-b037-9ef762c193da', 'Orthopédiste', 7),
('52b24227-70d8-4ca5-8357-e3d86a12bf6d', 'Médecin', 1),
('56c8894e-8afb-40ed-8d68-7decaf79c0d8', 'Kinésithérapeute', 3),
('57c831a3-4513-43f6-a685-a8f2e994a512', 'Pharmacien-biologiste', 7),
('5a1c1258-29af-407b-a3d2-48c83bfdd25d', 'Psychologue clinicien', 2),
('6171d87b-bd9c-449e-a4ec-7c165198af3f', 'Orthopédagogue clinicien', 7),
('667ddb66-3050-4f67-8f45-fd43f3fd1808', 'Podologue', 7),
('6b33ae63-8757-4718-87b6-31e34febe9dd', 'Bandagiste', 7),
('77631c63-67e0-4d37-8685-85d0ed67f947', 'Sage-femme', 7),
('944629f4-7747-4c4b-9ea7-ffa460334aee', 'Opticien', 7),
('cb59d674-dbb7-4b87-83a5-d2ce394aaec8', 'Dentiste', 4),
('ce6cf13e-d368-4619-8959-c1714fcc891e', 'Logopède', 7),
('cef054a9-5bba-42a8-b8fb-fea34e972cc8', 'Diététicien', 7),
('d0ec6f31-5e0d-447e-ac65-724685884902', 'Ergothérapeute', 7),
('ee5eb0fa-c035-4673-9818-4cdc4605bb8e', 'Pharmacien', 7);

INSERT INTO `speciality_model` (`pk`, `name`, `profession_model_pk`, `rank`) VALUES
('016155fe-cd55-4fab-a48a-f346a6c70fb7', 'Parodontologue', 'cb59d674-dbb7-4b87-83a5-d2ce394aaec8', 6),
('0369a5f6-4840-4427-810a-3581f13a189d', 'Cardiologue', '52b24227-70d8-4ca5-8357-e3d86a12bf6d', 6),
('0b4ae9dc-a612-4e5f-b3c6-f3a9497d2638', 'Radiothérapeute', '52b24227-70d8-4ca5-8357-e3d86a12bf6d', 6),
('11466f0f-d358-461c-93e4-9c5c2c8aa369', 'Opticien', '944629f4-7747-4c4b-9ea7-ffa460334aee', 6),
('1c600607-c19d-45f7-bf42-8e01933b8443', 'Neuropsychiatre', '52b24227-70d8-4ca5-8357-e3d86a12bf6d', 5),
('214c04ec-8572-4f7d-a1dc-7bb8f4b8ecf8', 'Urgentiste', '52b24227-70d8-4ca5-8357-e3d86a12bf6d', 6),
('2a7928a3-e291-4e9d-a5fb-50d33b9f0d7a', 'Stomatologue', 'cb59d674-dbb7-4b87-83a5-d2ce394aaec8', 6),
('2d243b6a-b2af-42fd-87e9-558c18ab0209', 'Kinésithérapeute', '56c8894e-8afb-40ed-8d68-7decaf79c0d8', 6),
('308f8a56-29b0-427d-8846-c38ed692262f', 'Gynécologue', '52b24227-70d8-4ca5-8357-e3d86a12bf6d', 6),
('332287f8-55b2-417d-a354-338f0a73ac67', 'Audicien', '11348e24-606b-4542-aeb0-92c6ac3fd41a', 6),
('338ea6fa-b1e5-4b8f-9df5-3a3d115386f5', 'Nucléaire', '52b24227-70d8-4ca5-8357-e3d86a12bf6d', 6),
('353a69b8-7590-4e8c-bba5-66f0552543ff', 'Orthopédiste', '52b24227-70d8-4ca5-8357-e3d86a12bf6d', 6),
('354e5eba-22bd-494c-a0c4-137151c28995', 'Ergothérapeute', 'd0ec6f31-5e0d-447e-ac65-724685884902', 6),
('3594cdc6-8cac-4cda-83a4-be04b7bb534d', 'Anatomo-pathologiste', '52b24227-70d8-4ca5-8357-e3d86a12bf6d', 6),
('35e68f72-1b55-4067-a3e1-1bdbce6a0ffa', 'Interniste', '52b24227-70d8-4ca5-8357-e3d86a12bf6d', 6),
('367f2687-c6ef-45ac-a9e3-ba6256c4ec17', 'Psychologue clinicien', '5a1c1258-29af-407b-a3d2-48c83bfdd25d', 6),
('408ba977-f242-4966-8353-67fd7bb52ec4', 'Oncologue', '52b24227-70d8-4ca5-8357-e3d86a12bf6d', 6),
('42a6c59e-4b9b-474b-aba0-c58c1f3b6365', 'Pneumologue', '52b24227-70d8-4ca5-8357-e3d86a12bf6d', 6),
('470ecf3f-1e4a-4d88-bba1-5d264da2a0a3', 'Infirmier(e)', '165dde78-cb8d-473f-b872-f8433d0ec67b', 6),
('480d3d76-862d-40a6-a826-0b9cb653f55c', 'physique et réadaptation', '52b24227-70d8-4ca5-8357-e3d86a12bf6d', 6),
('5e38d0bc-c112-4816-b5bc-da0729555261', 'Gastro-entérologue', '52b24227-70d8-4ca5-8357-e3d86a12bf6d', 6),
('614c8e27-c864-4551-8684-187836fe249e', 'Biologiste clinicien', '52b24227-70d8-4ca5-8357-e3d86a12bf6d', 6),
('67f42afe-3fde-438e-aa55-c42deccbf006', 'Sage-femme', '77631c63-67e0-4d37-8685-85d0ed67f947', 6),
('6eccd780-7499-4223-891b-81d9a63e7961', 'Pédiatre', '52b24227-70d8-4ca5-8357-e3d86a12bf6d', 2),
('723237d3-ae95-4155-93df-10a3c079b816', 'Pharmacien', 'ee5eb0fa-c035-4673-9818-4cdc4605bb8e', 6),
('890d00a3-faac-454f-8d8c-721e6acb570c', 'Oto-rhino-laryngologiste', '52b24227-70d8-4ca5-8357-e3d86a12bf6d', 6),
('8a1bf177-654f-4002-8f64-7b251a360e04', 'Rhumatologue', '52b24227-70d8-4ca5-8357-e3d86a12bf6d', 6),
('8e2d1559-a807-4d52-b396-1164b62d5142', 'Ophtalmologue', '52b24227-70d8-4ca5-8357-e3d86a12bf6d', 6),
('91814c12-9dd7-430f-b640-e3b7e010b31b', 'Radiologue', '52b24227-70d8-4ca5-8357-e3d86a12bf6d', 6),
('96b90030-8dc0-4326-bf48-6be3921e37ac', 'Orthodontiste', 'cb59d674-dbb7-4b87-83a5-d2ce394aaec8', 6),
('9f167578-c1f4-4129-94ea-e2d7f2e7de14', 'Psychiatre', '52b24227-70d8-4ca5-8357-e3d86a12bf6d', 4),
('a1a2a79f-1344-4c0d-bb94-83aa010dc1d0', 'Chirurgien plasticien', '52b24227-70d8-4ca5-8357-e3d86a12bf6d', 6),
('ad65c8ff-4fd8-4781-996a-b8b05fa0c36e', 'Anesthésiste-réanimateur', '52b24227-70d8-4ca5-8357-e3d86a12bf6d', 6),
('ae033aa4-f5de-4004-8d80-2baab250f4f5', 'Dermatologue', '52b24227-70d8-4ca5-8357-e3d86a12bf6d', 3),
('bc2c8ab4-eae8-49a6-8304-14720d6a1852', 'Diététicien', 'cef054a9-5bba-42a8-b8fb-fea34e972cc8', 6),
('bc399937-e68a-493f-bbe1-fcc739bb0c95', 'Pharmacien-biologiste', '57c831a3-4513-43f6-a685-a8f2e994a512', 6),
('bef8e06f-64a7-4ee9-a227-f6bb9869c0ad', 'Bandagiste', '6b33ae63-8757-4718-87b6-31e34febe9dd', 6),
('ccd3b1ae-b29a-4557-8293-f5bc6a58c073', 'Neurologue', '52b24227-70d8-4ca5-8357-e3d86a12bf6d', 6),
('ced023bc-6b37-4006-be85-6fe618c4cc43', 'Chirurgien', '52b24227-70d8-4ca5-8357-e3d86a12bf6d', 6),
('d26d6f3f-e90d-45fd-81e8-a29a65808c68', 'Logopède', 'ce6cf13e-d368-4619-8959-c1714fcc891e', 6),
('d41f9e47-2eb8-42b1-83da-8b37287bda7a', 'Gériatre', '52b24227-70d8-4ca5-8357-e3d86a12bf6d', 6),
('d9af3d79-1b96-4b12-b279-65f752fe35f1', 'Orthopédagogue clinicien', '6171d87b-bd9c-449e-a4ec-7c165198af3f', 6),
('dce1f195-f41e-4ce6-b6bb-df14ace64b3b', 'Neurochirurgien', '52b24227-70d8-4ca5-8357-e3d86a12bf6d', 6),
('ddc05aea-57dd-4a72-94f7-11ff5ea19647', 'Podologue', '667ddb66-3050-4f67-8f45-fd43f3fd1808', 6),
('dfca8837-39d3-4cda-ae1a-3586dba09ba5', 'Urologue', '52b24227-70d8-4ca5-8357-e3d86a12bf6d', 6),
('e300064a-4663-42b8-8221-b51f640ba607', 'Généraliste', '52b24227-70d8-4ca5-8357-e3d86a12bf6d', 1);

INSERT INTO `language_model` (`pk`, `code`, `name`) VALUES
('01d710fb-3f6f-4f56-9b40-7edd3c2efa7c', 'fra', 'Français'),
('02d89721-433b-4872-8678-65927dd2ca88', 'nld', 'Nederlands'),
('034a222d-4bed-4193-8033-d8ee2980a8ef', 'eng', 'English'),
('0450d832-72d9-4fb2-bfad-945dfca3b697', 'deu', 'Deutsch'),
('055cb2fe-6b98-46f5-8ba1-f3c4ee39b6fa', 'spa', 'Español'),
('06b47eff-e011-42e7-81ed-f6fac86a8a37', 'ita', 'Italiano'),
('0784f6c7-3d4e-4bc4-a20d-2345c7a6d434', 'por', 'Português'),
('0898f975-1fe2-41ee-970e-0626ca99934e', 'ara', 'Arabic'),
('0922efd4-0013-4cf9-b29e-fecad97402c9', 'ron', 'Româna'),
('099bccc2-9c87-4139-bdc9-932b424354a8', 'pol', 'Polskie'),
('0999d01f-002c-4156-9404-f5d755330091', 'tur', 'Türkçe');
